{
    "books530_cds1030-one_shot.jsonl": {
        "mean": 2991.770061728395,
        "std": 644.277486129925,
        "min": 1488.0,
        "max": 5971.0
    },
    "books530_cds1030-zero_shot.jsonl": {
        "mean": 1514.787037037037,
        "std": 464.2311426860049,
        "min": 667.0,
        "max": 3212.0
    },
    "books530_movies1030-one_shot.jsonl": {
        "mean": 3080.191725529768,
        "std": 666.3131468527675,
        "min": 1705.0,
        "max": 5163.0
    },
    "books530_movies1030-zero_shot.jsonl": {
        "mean": 1548.2189707366297,
        "std": 472.4826836475791,
        "min": 709.0,
        "max": 3367.0
    },
    "cds530_books1030-one_shot.jsonl": {
        "mean": 3272.7689768976898,
        "std": 616.6064417234385,
        "min": 2025.0,
        "max": 5364.0
    },
    "cds530_books1030-zero_shot.jsonl": {
        "mean": 1637.6765676567657,
        "std": 415.68975363293475,
        "min": 914.0,
        "max": 3251.0
    },
    "cds530_movies1030-one_shot.jsonl": {
        "mean": 2508.2675496688744,
        "std": 511.02820878988786,
        "min": 1496.0,
        "max": 4298.0
    },
    "cds530_movies1030-zero_shot.jsonl": {
        "mean": 1239.6397350993377,
        "std": 352.4349705954326,
        "min": 625.0,
        "max": 2970.0
    },
    "movies530_books1030-one_shot.jsonl": {
        "mean": 3427.486265775798,
        "std": 664.8023404957414,
        "min": 1887.0,
        "max": 5864.0
    },
    "movies530_books1030-zero_shot.jsonl": {
        "mean": 1695.955456570156,
        "std": 438.0030746560668,
        "min": 925.0,
        "max": 3644.0
    },
    "movies530_cds1030-one_shot.jsonl": {
        "mean": 2607.292719167905,
        "std": 547.467942275102,
        "min": 1364.0,
        "max": 4632.0
    },
    "movies530_cds1030-zero_shot.jsonl": {
        "mean": 1326.260029717682,
        "std": 386.0346284561283,
        "min": 641.0,
        "max": 2790.0
    }
}