{
    "books530_cds1030-one_shot.jsonl": {
        "mean": 2964.651234567901,
        "std": 639.1196287788121,
        "min": 1480.0,
        "max": 5913.0
    },
    "books530_cds1030-zero_shot.jsonl": {
        "mean": 1500.0663580246915,
        "std": 460.61066926788106,
        "min": 663.0,
        "max": 3176.0
    },
    "books530_movies1030-one_shot.jsonl": {
        "mean": 3044.6397578203832,
        "std": 659.5978836187127,
        "min": 1690.0,
        "max": 5087.0
    },
    "books530_movies1030-zero_shot.jsonl": {
        "mean": 1529.3319878910193,
        "std": 467.30733487531154,
        "min": 703.0,
        "max": 3298.0
    },
    "cds530_books1030-one_shot.jsonl": {
        "mean": 3247.4290429042903,
        "std": 613.0494629402301,
        "min": 2018.0,
        "max": 5323.0
    },
    "cds530_books1030-zero_shot.jsonl": {
        "mean": 1623.6262376237623,
        "std": 413.29362829846366,
        "min": 908.0,
        "max": 3216.0
    },
    "cds530_movies1030-one_shot.jsonl": {
        "mean": 2477.4092715231786,
        "std": 506.5697829586394,
        "min": 1473.0,
        "max": 4252.0
    },
    "cds530_movies1030-zero_shot.jsonl": {
        "mean": 1223.6185430463577,
        "std": 349.5131554169965,
        "min": 616.0,
        "max": 2957.0
    },
    "movies530_books1030-one_shot.jsonl": {
        "mean": 3390.69710467706,
        "std": 658.4569101618588,
        "min": 1876.0,
        "max": 5777.0
    },
    "movies530_books1030-zero_shot.jsonl": {
        "mean": 1676.2806236080178,
        "std": 433.6943085711188,
        "min": 917.0,
        "max": 3526.0
    },
    "movies530_cds1030-one_shot.jsonl": {
        "mean": 2574.8855869242198,
        "std": 542.3865118706549,
        "min": 1329.0,
        "max": 4580.0
    },
    "movies530_cds1030-zero_shot.jsonl": {
        "mean": 1308.7518573551263,
        "std": 383.03049417057,
        "min": 633.0,
        "max": 2778.0
    }
}